{
  "125.0": {
    "obs": [
      567.8406194073614
    ],
    "p": 0.3048780487804878,
    "toy": [
      552.4374521258287,
      548.2698399627116,
      526.0503099299967,
      521.828923139954,
      505.0419317681808,
      545.9388212072663,
      580.6128854642157,
      552.1914134412073,
      621.633746214211,
      605.9476689470466,
      580.4622273328714,
      574.8922904676292,
      564.6466520866379,
      546.5582903367467,
      532.014894817723,
      572.5750227123499,
      571.3669775417075,
      608.4220833124127,
      546.5639489626046,
      547.1253069047816,
      568.9869424335193,
      571.4306964888237,
      541.8181438746396,
      551.0709726177156,
      542.7597603080794,
      557.2437667769846,
      551.3492852870841,
      539.2357569977175,
      556.9675890346989,
      573.2530317960773,
      500.30847812327556,
      532.0352659637574,
      514.1081035521347,
      558.0450956707355,
      538.1962161788251,
      522.7600398925133,
      552.9618416798767,
      589.3239648081362,
      506.385327456519,
      536.3754846761003,
      529.9533518659882,
      514.6694095865823,
      588.5900323938113,
      580.9891738230363,
      522.1536369421519,
      581.7909754705615,
      580.9856534500141,
      586.296407677466,
      576.6361409944948,
      564.6731947502121,
      541.1595769270789,
      577.6255705954973,
      579.1085066823289,
      562.7749479273334,
      501.90604795655236,
      520.9933614330366,
      539.1882897443138,
      600.8453963405918,
      515.209582652431,
      541.847382420674,
      573.7940549659543,
      570.2867416518275,
      567.6934960782528,
      563.4608601867221,
      528.3448242782615,
      514.8997694666032,
      535.6121998052113,
      576.8265026481822,
      495.3370097849984,
      598.7903135691304,
      529.8385138339363,
      575.1566424970515,
      569.1038257225882,
      554.2295659072697,
      571.4907644151244,
      561.9172826581635,
      541.663870718563,
      506.798113766592,
      587.597150537651,
      540.6081270528957,
      531.3159547536634,
      497.35948807070963,
      575.2732001419645,
      516.5664822065737,
      544.8372232380789,
      523.7025657535996,
      537.1720538174268,
      512.801332828356,
      518.6393257055897,
      604.2413782700896,
      544.3404083864298,
      510.921555388486,
      617.5438818964176,
      567.4854056257755,
      567.4564581813756,
      602.0896317069419,
      557.5865061583463,
      565.883293816587,
      562.7508240716998,
      532.8557053729892,
      534.9964745098259,
      589.2940774445888,
      596.1480241538957,
      617.7610292965546,
      526.0616172719747,
      614.9351384078618,
      525.1434634001926,
      565.0723612846341,
      537.0896547697484,
      517.4046618761495,
      521.8015426173806,
      512.8460207642056,
      561.7936516474001,
      558.1506039986853,
      548.9761501569301,
      550.4156923636328,
      480.8726710502524,
      530.289510714123,
      527.8183904057369,
      554.145643142052,
      560.5422996587586,
      605.8455082967412,
      558.7252059145831,
      570.7950378339738,
      582.2419747870881,
      604.2011481639929,
      509.7274090840947,
      565.8145887623541,
      578.4506166155916,
      548.4126438028179,
      558.2071245510597,
      553.804537214106,
      581.1145928816404,
      569.914050847292,
      548.5902287580539,
      563.4439266019035,
      491.90855032228865,
      526.3332731723785,
      507.60036417027004,
      582.9354261350818,
      590.5308821031358,
      509.1306774697732,
      495.2634143559262,
      522.9722962721717,
      539.4236290219706,
      577.6895017744973,
      606.2351178047247,
      535.312705111457,
      522.2831319931429,
      553.2706063017249,
      584.8327487781644,
      573.7205825324636,
      533.6762752099894,
      514.0810709716752,
      619.6188645504881,
      535.939465837786,
      532.0163474059664,
      492.25550654367544,
      603.7037830231711,
      575.202902039513,
      543.6670683249831,
      517.14757969114,
      559.6659209087957,
      612.7009954296518,
      515.8404353668448,
      588.0741880876012,
      546.5946852588095,
      514.3881117429119,
      509.116192761343,
      585.258605861105,
      550.4309625574388,
      545.1394805980381,
      519.7099467893131,
      559.8478648832534,
      537.7287292713299,
      567.4586243147496,
      565.4347989812959,
      515.6560156818014,
      581.8199598705396,
      575.0799631876871,
      506.531944764778,
      574.0718623616267,
      556.9752913354896,
      551.9456197188701,
      543.2161301393062,
      567.3830026120413,
      552.7131650766823,
      522.6117241526954,
      581.6825298094191,
      591.1285169480834,
      596.569731243886,
      604.7723399833776,
      546.5520955137908,
      582.3541914757807,
      524.997240223689,
      539.0414371422958,
      554.2636514608748,
      541.181758480845,
      563.9659790531732,
      604.9157090955414,
      541.4943977927323,
      523.773542512441,
      599.1643551834859,
      495.3842354910448,
      565.3146737224888,
      563.6535239445511,
      535.0503689486068,
      565.8771975368727,
      512.3765154578723,
      474.0502205672674,
      545.2124089845456,
      564.5676376845222,
      568.185166680254,
      519.2520578023978,
      550.0592306919862,
      537.4379797058646,
      535.4730965734925,
      547.2160146855749,
      567.3790875584818,
      581.4318649480119,
      463.11017882986926,
      500.2152440606151,
      510.5885950168595,
      553.8724175768439,
      581.40207427321,
      562.999762351159,
      549.8334428153466,
      554.2163674288895,
      511.7543925824575,
      514.4033766416833,
      515.6521129615139,
      572.6835461361334,
      530.356798665598,
      535.6407947358675,
      581.5294524133205,
      563.4965493164491,
      547.3728542542085,
      531.6645334756467,
      511.12143529742025,
      603.6183479276951,
      583.9595207946841,
      605.874783795327,
      522.7661727215163,
      549.8184506651014,
      510.8732207575813,
      570.3404646394774
    ]
  }
}